filename,location,difference_type,dug_2026jan_value,dug_2026jan_type,heal_cdes_value,heal_cdes_type,dug_2026jan_context,heal_cdes_context
HDPCDE00002.json,$[2].metadata.enum[1],value_mismatch, months,str,months,str,"[
  ""years"",
  "" months""
]","[
  ""years"",
  ""months""
]"
HDPCDE5131.json,$[2].metadata.enum[1],value_mismatch, months,str,months,str,"[
  ""years"",
  "" months"",
  "" weeks"",
  "" days"",
  "" hours""
]","[
  ""years"",
  ""months"",
  ""weeks"",
  ""days"",
  ""hours""
]"
HDPCDE5131.json,$[2].metadata.enum[2],value_mismatch, weeks,str,weeks,str,"[
  ""years"",
  "" months"",
  "" weeks"",
  "" days"",
  "" hours""
]","[
  ""years"",
  ""months"",
  ""weeks"",
  ""days"",
  ""hours""
]"
HDPCDE5131.json,$[2].metadata.enum[3],value_mismatch, days,str,days,str,"[
  ""years"",
  "" months"",
  "" weeks"",
  "" days"",
  "" hours""
]","[
  ""years"",
  ""months"",
  ""weeks"",
  ""days"",
  ""hours""
]"
HDPCDE5131.json,$[2].metadata.enum[4],value_mismatch, hours,str,hours,str,"[
  ""years"",
  "" months"",
  "" weeks"",
  "" days"",
  "" hours""
]","[
  ""years"",
  ""months"",
  ""weeks"",
  ""days"",
  ""hours""
]"
HDPCDE5131.json,$[16].metadata.enum[1],value_mismatch, months,str,months,str,"[
  ""years"",
  "" months"",
  "" weeks"",
  "" days"",
  "" hours""
]","[
  ""years"",
  ""months"",
  ""weeks"",
  ""days"",
  ""hours""
]"
HDPCDE5131.json,$[16].metadata.enum[2],value_mismatch, weeks,str,weeks,str,"[
  ""years"",
  "" months"",
  "" weeks"",
  "" days"",
  "" hours""
]","[
  ""years"",
  ""months"",
  ""weeks"",
  ""days"",
  ""hours""
]"
HDPCDE5131.json,$[16].metadata.enum[3],value_mismatch, days,str,days,str,"[
  ""years"",
  "" months"",
  "" weeks"",
  "" days"",
  "" hours""
]","[
  ""years"",
  ""months"",
  ""weeks"",
  ""days"",
  ""hours""
]"
HDPCDE5131.json,$[16].metadata.enum[4],value_mismatch, hours,str,hours,str,"[
  ""years"",
  "" months"",
  "" weeks"",
  "" days"",
  "" hours""
]","[
  ""years"",
  ""months"",
  ""weeks"",
  ""days"",
  ""hours""
]"
HDPCDE5131.json,$[30].metadata.enum[5],value_mismatch, 6,str,6,str,"[
  ""1"",
  ""2"",
  ""3"",
  ""4"",
  ""5"",
  "" 6""
]","[
  ""1"",
  ""2"",
  ""3"",
  ""4"",
  ""5"",
  ""6""
]"
HDPCDE5141.json,$[17].metadata.enum[5],value_mismatch, 6,str,6,str,"[
  ""1"",
  ""2"",
  ""3"",
  ""4"",
  ""5"",
  "" 6""
]","[
  ""1"",
  ""2"",
  ""3"",
  ""4"",
  ""5"",
  ""6""
]"
HDPCDE5971.json,$[0].metadata.enum[1],value_mismatch, 2,str,2,str,"[
  ""1"",
  "" 2"",
  ""3"",
  ""4""
]","[
  ""1"",
  ""2"",
  ""3"",
  ""4""
]"
HDPCDE5971.json,$[1].metadata.enum[1],value_mismatch, 2,str,2,str,"[
  ""1"",
  "" 2"",
  ""3"",
  ""4""
]","[
  ""1"",
  ""2"",
  ""3"",
  ""4""
]"
HDPCDE5971.json,$[2].metadata.enum[1],value_mismatch, 2,str,2,str,"[
  ""1"",
  "" 2"",
  ""3"",
  ""4"",
  ""5"",
  ""6""
]","[
  ""1"",
  ""2"",
  ""3"",
  ""4"",
  ""5"",
  ""6""
]"
HDPCDE5971.json,$[3].metadata.enum[1],value_mismatch, 2,str,2,str,"[
  ""1"",
  "" 2"",
  ""3"",
  ""4"",
  ""5"",
  ""6""
]","[
  ""1"",
  ""2"",
  ""3"",
  ""4"",
  ""5"",
  ""6""
]"
HDPCDE5971.json,$[4].metadata.enum[1],value_mismatch, 2,str,2,str,"[
  ""1"",
  "" 2"",
  ""3"",
  ""4"",
  ""5""
]","[
  ""1"",
  ""2"",
  ""3"",
  ""4"",
  ""5""
]"
HDPCDE5971.json,$[5].metadata.enum[1],value_mismatch, 2,str,2,str,"[
  ""1"",
  "" 2"",
  ""3"",
  ""4"",
  ""5""
]","[
  ""1"",
  ""2"",
  ""3"",
  ""4"",
  ""5""
]"
HDPCDE5971.json,$[6].metadata.enum[1],value_mismatch, 2,str,2,str,"[
  ""1"",
  "" 2"",
  ""3"",
  ""4"",
  ""5""
]","[
  ""1"",
  ""2"",
  ""3"",
  ""4"",
  ""5""
]"
HDPCDE5986.json,$[6].name,value_mismatch,PROMIS Cognitive Function- Short Form 4a ,str,PROMIS Cognitive Function- Short Form 4a,str,"{
  ""type"": ""section"",
  ""is_crf"": true,
  ""id"": ""HDPCDE5986"",
  ""parents"": [],
  ""crf_id"": ""HDPCDE5986"",
  ""name"": ""PROMIS Cognitive Function- Short Form 4a "",
  ""description"": """",
  ""action"": ""https://www.nih.gov/sites/default/files/CDEs/2026-01/promis-cognitive-function-4a-cde.pdf""
}","{
  ""type"": ""section"",
  ""is_crf"": true,
  ""id"": ""HDPCDE5986"",
  ""parents"": [],
  ""crf_id"": ""HDPCDE5986"",
  ""name"": ""PROMIS Cognitive Function- Short Form 4a"",
  ""description"": """",
  ""variable_list"": [
    ""CFSF4aSlowThinkScl"",
    ""CFSF4aBrainNotWorkingScl"",
    ""CFSF4aWorkHarderScl"",
    ""CFSF4aTrblShiftingScl"",
    ""CFSF4aTotalScore"",
    ""CFSF4aTScore""
  ],
  ""metadata"": {},
  ""action"": ""https://www.nih.gov/sites/default/files/CDEs/2026-01/promis-cognitive-function-4a-cde.pdf"",
  ""urls"": [
 "
HDPCDE6141.json,$[0].metadata.enum[1],value_mismatch, 2,str,2,str,"[
  ""1"",
  "" 2"",
  "" 3"",
  "" 4"",
  "" 92""
]","[
  ""1"",
  ""2"",
  ""3"",
  ""4"",
  ""92""
]"
HDPCDE6141.json,$[0].metadata.enum[2],value_mismatch, 3,str,3,str,"[
  ""1"",
  "" 2"",
  "" 3"",
  "" 4"",
  "" 92""
]","[
  ""1"",
  ""2"",
  ""3"",
  ""4"",
  ""92""
]"
HDPCDE6141.json,$[0].metadata.enum[3],value_mismatch, 4,str,4,str,"[
  ""1"",
  "" 2"",
  "" 3"",
  "" 4"",
  "" 92""
]","[
  ""1"",
  ""2"",
  ""3"",
  ""4"",
  ""92""
]"
HDPCDE6141.json,$[0].metadata.enum[4],value_mismatch, 92,str,92,str,"[
  ""1"",
  "" 2"",
  "" 3"",
  "" 4"",
  "" 92""
]","[
  ""1"",
  ""2"",
  ""3"",
  ""4"",
  ""92""
]"
HDPCDE6141.json,$[1].metadata.enum[1],value_mismatch, 2,str,2,str,"[
  ""1"",
  "" 2"",
  "" 3"",
  "" 4"",
  "" 92""
]","[
  ""1"",
  ""2"",
  ""3"",
  ""4"",
  ""92""
]"
HDPCDE6141.json,$[1].metadata.enum[2],value_mismatch, 3,str,3,str,"[
  ""1"",
  "" 2"",
  "" 3"",
  "" 4"",
  "" 92""
]","[
  ""1"",
  ""2"",
  ""3"",
  ""4"",
  ""92""
]"
HDPCDE6141.json,$[1].metadata.enum[3],value_mismatch, 4,str,4,str,"[
  ""1"",
  "" 2"",
  "" 3"",
  "" 4"",
  "" 92""
]","[
  ""1"",
  ""2"",
  ""3"",
  ""4"",
  ""92""
]"
HDPCDE6141.json,$[1].metadata.enum[4],value_mismatch, 92,str,92,str,"[
  ""1"",
  "" 2"",
  "" 3"",
  "" 4"",
  "" 92""
]","[
  ""1"",
  ""2"",
  ""3"",
  ""4"",
  ""92""
]"
HDPCDE6141.json,$[2].metadata.enum[1],value_mismatch, 2,str,2,str,"[
  ""1"",
  "" 2"",
  "" 3"",
  "" 4"",
  "" 92""
]","[
  ""1"",
  ""2"",
  ""3"",
  ""4"",
  ""92""
]"
HDPCDE6141.json,$[2].metadata.enum[2],value_mismatch, 3,str,3,str,"[
  ""1"",
  "" 2"",
  "" 3"",
  "" 4"",
  "" 92""
]","[
  ""1"",
  ""2"",
  ""3"",
  ""4"",
  ""92""
]"
HDPCDE6141.json,$[2].metadata.enum[3],value_mismatch, 4,str,4,str,"[
  ""1"",
  "" 2"",
  "" 3"",
  "" 4"",
  "" 92""
]","[
  ""1"",
  ""2"",
  ""3"",
  ""4"",
  ""92""
]"
HDPCDE6141.json,$[2].metadata.enum[4],value_mismatch, 92,str,92,str,"[
  ""1"",
  "" 2"",
  "" 3"",
  "" 4"",
  "" 92""
]","[
  ""1"",
  ""2"",
  ""3"",
  ""4"",
  ""92""
]"
HDPCDE6141.json,$[3].metadata.enum[1],value_mismatch, 2,str,2,str,"[
  ""1"",
  "" 2"",
  "" 3"",
  "" 4"",
  "" 92""
]","[
  ""1"",
  ""2"",
  ""3"",
  ""4"",
  ""92""
]"
HDPCDE6141.json,$[3].metadata.enum[2],value_mismatch, 3,str,3,str,"[
  ""1"",
  "" 2"",
  "" 3"",
  "" 4"",
  "" 92""
]","[
  ""1"",
  ""2"",
  ""3"",
  ""4"",
  ""92""
]"
HDPCDE6141.json,$[3].metadata.enum[3],value_mismatch, 4,str,4,str,"[
  ""1"",
  "" 2"",
  "" 3"",
  "" 4"",
  "" 92""
]","[
  ""1"",
  ""2"",
  ""3"",
  ""4"",
  ""92""
]"
HDPCDE6141.json,$[3].metadata.enum[4],value_mismatch, 92,str,92,str,"[
  ""1"",
  "" 2"",
  "" 3"",
  "" 4"",
  "" 92""
]","[
  ""1"",
  ""2"",
  ""3"",
  ""4"",
  ""92""
]"
HDPCDE6141.json,$[4].metadata.enum[1],value_mismatch, 2,str,2,str,"[
  ""1"",
  "" 2"",
  "" 3"",
  "" 4"",
  "" 92""
]","[
  ""1"",
  ""2"",
  ""3"",
  ""4"",
  ""92""
]"
HDPCDE6141.json,$[4].metadata.enum[2],value_mismatch, 3,str,3,str,"[
  ""1"",
  "" 2"",
  "" 3"",
  "" 4"",
  "" 92""
]","[
  ""1"",
  ""2"",
  ""3"",
  ""4"",
  ""92""
]"
HDPCDE6141.json,$[4].metadata.enum[3],value_mismatch, 4,str,4,str,"[
  ""1"",
  "" 2"",
  "" 3"",
  "" 4"",
  "" 92""
]","[
  ""1"",
  ""2"",
  ""3"",
  ""4"",
  ""92""
]"
HDPCDE6141.json,$[4].metadata.enum[4],value_mismatch, 92,str,92,str,"[
  ""1"",
  "" 2"",
  "" 3"",
  "" 4"",
  "" 92""
]","[
  ""1"",
  ""2"",
  ""3"",
  ""4"",
  ""92""
]"
HDPCDE6141.json,$[5].metadata.enum[1],value_mismatch, 2,str,2,str,"[
  ""1"",
  "" 2"",
  "" 3"",
  "" 4"",
  "" 92""
]","[
  ""1"",
  ""2"",
  ""3"",
  ""4"",
  ""92""
]"
HDPCDE6141.json,$[5].metadata.enum[2],value_mismatch, 3,str,3,str,"[
  ""1"",
  "" 2"",
  "" 3"",
  "" 4"",
  "" 92""
]","[
  ""1"",
  ""2"",
  ""3"",
  ""4"",
  ""92""
]"
HDPCDE6141.json,$[5].metadata.enum[3],value_mismatch, 4,str,4,str,"[
  ""1"",
  "" 2"",
  "" 3"",
  "" 4"",
  "" 92""
]","[
  ""1"",
  ""2"",
  ""3"",
  ""4"",
  ""92""
]"
HDPCDE6141.json,$[5].metadata.enum[4],value_mismatch, 92,str,92,str,"[
  ""1"",
  "" 2"",
  "" 3"",
  "" 4"",
  "" 92""
]","[
  ""1"",
  ""2"",
  ""3"",
  ""4"",
  ""92""
]"
HDPCDE6141.json,$[6].metadata.enum[1],value_mismatch, 4,str,4,str,"[
  ""1"",
  "" 4""
]","[
  ""1"",
  ""4""
]"
HDPCDE6456.json,$[15].name,value_mismatch,Cumulative Illness Rating Scale ,str,Cumulative Illness Rating Scale,str,"{
  ""type"": ""section"",
  ""is_crf"": true,
  ""id"": ""HDPCDE6456"",
  ""parents"": [],
  ""crf_id"": ""HDPCDE6456"",
  ""name"": ""Cumulative Illness Rating Scale "",
  ""description"": """",
  ""action"": ""https://www.nih.gov/sites/default/files/CDEs/2026-01/cgic-cde.xlsx""
}","{
  ""type"": ""section"",
  ""is_crf"": true,
  ""id"": ""HDPCDE6456"",
  ""parents"": [],
  ""crf_id"": ""HDPCDE6456"",
  ""name"": ""Cumulative Illness Rating Scale"",
  ""description"": """",
  ""variable_list"": [
    ""ciheart"",
    ""cihyper"",
    ""civaslar"",
    ""ciresp"",
    ""cient"",
    ""ciupgi"",
    ""cilowgi"",
    ""cihepa"",
    ""cirenal"",
    ""ciothgi"",
    ""cimuscle"",
    ""cineuro"",
    ""ciendo"",
    ""cipsych"",
    ""ciTotalScore""
  ],
  ""metadata"": {},
  ""action"": ""https://www.nih.gov/sites/default/files/CDEs/2"
HDPCDE6546.json,$[0].metadata.enum[1],value_mismatch, 1,str,1,str,"[
  ""0"",
  "" 1""
]","[
  ""0"",
  ""1""
]"
HDPCDE6546.json,$[1].metadata.enum[1],value_mismatch, 1,str,1,str,"[
  ""0"",
  "" 1""
]","[
  ""0"",
  ""1""
]"
HDPCDE6546.json,$[2].metadata.enum[1],value_mismatch, 1,str,1,str,"[
  ""0"",
  "" 1""
]","[
  ""0"",
  ""1""
]"
HDPCDE6546.json,$[3].metadata.enum[1],value_mismatch, 1,str,1,str,"[
  ""0"",
  "" 1""
]","[
  ""0"",
  ""1""
]"
HDPCDE6546.json,$[4].metadata.enum[1],value_mismatch, 1,str,1,str,"[
  ""0"",
  "" 1""
]","[
  ""0"",
  ""1""
]"
HDPCDE6546.json,$[5].metadata.enum[1],value_mismatch, 1,str,1,str,"[
  ""0"",
  "" 1""
]","[
  ""0"",
  ""1""
]"
HDPCDE6546.json,$[6].metadata.enum[1],value_mismatch, 1,str,1,str,"[
  ""0"",
  "" 1""
]","[
  ""0"",
  ""1""
]"
HDPCDE6546.json,$[7].metadata.enum[1],value_mismatch, 1,str,1,str,"[
  ""0"",
  "" 1""
]","[
  ""0"",
  ""1""
]"
HDPCDE6546.json,$[8].metadata.enum[1],value_mismatch, 1,str,1,str,"[
  ""0"",
  "" 1""
]","[
  ""0"",
  ""1""
]"
HDPCDE6546.json,$[9].metadata.enum[1],value_mismatch, 1,str,1,str,"[
  ""0"",
  "" 1""
]","[
  ""0"",
  ""1""
]"
HDPCDE6546.json,$[10].metadata.enum[1],value_mismatch, 1,str,1,str,"[
  ""0"",
  "" 1""
]","[
  ""0"",
  ""1""
]"
HDPCDE6546.json,$[11].metadata.enum[1],value_mismatch, 1,str,1,str,"[
  ""0"",
  "" 1""
]","[
  ""0"",
  ""1""
]"
HDPCDE6546.json,$[12].metadata.enum[1],value_mismatch, 1,str,1,str,"[
  ""0"",
  "" 1""
]","[
  ""0"",
  ""1""
]"
HDPCDE6546.json,$[13].metadata.enum[1],value_mismatch, 1,str,1,str,"[
  ""0"",
  "" 1""
]","[
  ""0"",
  ""1""
]"
HDPCDE6546.json,$[14].metadata.enum[1],value_mismatch, 1,str,1,str,"[
  ""0"",
  "" 1""
]","[
  ""0"",
  ""1""
]"
HDPCDE6546.json,$[15].metadata.enum[1],value_mismatch, 1,str,1,str,"[
  ""0"",
  "" 1""
]","[
  ""0"",
  ""1""
]"
HDPCDE6546.json,$[16].metadata.enum[1],value_mismatch, 1,str,1,str,"[
  ""0"",
  "" 1""
]","[
  ""0"",
  ""1""
]"
HDPCDE6546.json,$[17].metadata.enum[1],value_mismatch, 1,str,1,str,"[
  ""0"",
  "" 1""
]","[
  ""0"",
  ""1""
]"
HDPCDE6546.json,$[18].metadata.enum[1],value_mismatch, 1,str,1,str,"[
  ""0"",
  "" 1""
]","[
  ""0"",
  ""1""
]"
HDPCDE6546.json,$[19].metadata.enum[1],value_mismatch, 1,str,1,str,"[
  ""0"",
  "" 1""
]","[
  ""0"",
  ""1""
]"
HDPCDE6546.json,$[20].metadata.enum[1],value_mismatch, 1,str,1,str,"[
  ""0"",
  "" 1""
]","[
  ""0"",
  ""1""
]"
HDPCDE6546.json,$[21].metadata.enum[1],value_mismatch, 1,str,1,str,"[
  ""0"",
  "" 1""
]","[
  ""0"",
  ""1""
]"
HDPCDE6546.json,$[22].metadata.enum[1],value_mismatch, 1,str,1,str,"[
  ""0"",
  "" 1""
]","[
  ""0"",
  ""1""
]"
HDPCDE6546.json,$[23].metadata.enum[1],value_mismatch, 1,str,1,str,"[
  ""0"",
  "" 1""
]","[
  ""0"",
  ""1""
]"
HDPCDE6546.json,$[24].metadata.enum[1],value_mismatch, 1,str,1,str,"[
  ""0"",
  "" 1""
]","[
  ""0"",
  ""1""
]"
HDPCDE6546.json,$[25].metadata.enum[1],value_mismatch, 1,str,1,str,"[
  ""0"",
  "" 1""
]","[
  ""0"",
  ""1""
]"
HDPCDE6546.json,$[26].metadata.enum[1],value_mismatch, 1,str,1,str,"[
  ""0"",
  "" 1""
]","[
  ""0"",
  ""1""
]"
HDPCDE6546.json,$[27].metadata.enum[1],value_mismatch, 1,str,1,str,"[
  ""0"",
  "" 1""
]","[
  ""0"",
  ""1""
]"
HDPCDE6546.json,$[28].metadata.enum[1],value_mismatch, 1,str,1,str,"[
  ""0"",
  "" 1""
]","[
  ""0"",
  ""1""
]"
HDPCDE6546.json,$[29].metadata.enum[1],value_mismatch, 1,str,1,str,"[
  ""0"",
  "" 1""
]","[
  ""0"",
  ""1""
]"
HDPCDE6546.json,$[30].metadata.enum[1],value_mismatch, 1,str,1,str,"[
  ""0"",
  "" 1""
]","[
  ""0"",
  ""1""
]"
HDPCDE6546.json,$[31].metadata.enum[1],value_mismatch, 1,str,1,str,"[
  ""0"",
  "" 1""
]","[
  ""0"",
  ""1""
]"
HDPCDE6546.json,$[32].metadata.enum[1],value_mismatch, 1,str,1,str,"[
  ""0"",
  "" 1""
]","[
  ""0"",
  ""1""
]"
HDPCDE6546.json,$[33].metadata.enum[1],value_mismatch, 1,str,1,str,"[
  ""0"",
  "" 1""
]","[
  ""0"",
  ""1""
]"
HDPCDE6546.json,$[34].metadata.enum[1],value_mismatch, 1,str,1,str,"[
  ""0"",
  "" 1""
]","[
  ""0"",
  ""1""
]"
HDPCDE6546.json,$[35].metadata.enum[1],value_mismatch, 1,str,1,str,"[
  ""0"",
  "" 1""
]","[
  ""0"",
  ""1""
]"
HDPCDE6546.json,$[36].metadata.enum[1],value_mismatch, 1,str,1,str,"[
  ""0"",
  "" 1""
]","[
  ""0"",
  ""1""
]"
HDPCDE6546.json,$[37].metadata.enum[1],value_mismatch, 1,str,1,str,"[
  ""0"",
  "" 1""
]","[
  ""0"",
  ""1""
]"
HDPCDE6546.json,$[38].metadata.enum[1],value_mismatch, 1,str,1,str,"[
  ""0"",
  "" 1""
]","[
  ""0"",
  ""1""
]"
HDPCDE6546.json,$[39].metadata.enum[1],value_mismatch, 1,str,1,str,"[
  ""0"",
  "" 1""
]","[
  ""0"",
  ""1""
]"
HDPCDE6546.json,$[41].metadata.enum[1],value_mismatch, 1,str,1,str,"[
  ""0"",
  "" 1""
]","[
  ""0"",
  ""1""
]"
HDPCDE6546.json,$[42].metadata.enum[1],value_mismatch, 1,str,1,str,"[
  ""0"",
  "" 1""
]","[
  ""0"",
  ""1""
]"
HDPCDE6546.json,$[43].metadata.enum[1],value_mismatch, 1,str,1,str,"[
  ""0"",
  "" 1""
]","[
  ""0"",
  ""1""
]"
HDPCDE6546.json,$[45].metadata.enum[1],value_mismatch, 1,str,1,str,"[
  ""0"",
  "" 1""
]","[
  ""0"",
  ""1""
]"
HDPCDE6546.json,$[46].metadata.enum[1],value_mismatch, 1,str,1,str,"[
  ""0"",
  "" 1""
]","[
  ""0"",
  ""1""
]"
HDPCDE7061.json,$[2].metadata.enum[11],value_mismatch, 99,str,99,str,"[
  ""0"",
  ""1"",
  ""2"",
  ""3"",
  ""4"",
  ""5"",
  ""6"",
  ""7"",
  ""8"",
  ""9"",
  ""10"",
  "" 99""
]","[
  ""0"",
  ""1"",
  ""2"",
  ""3"",
  ""4"",
  ""5"",
  ""6"",
  ""7"",
  ""8"",
  ""9"",
  ""10"",
  ""99""
]"
HDPCDE7346.json,$[21].name,value_mismatch,International Physical Activity Questionnaire - Short Form ,str,International Physical Activity Questionnaire - Short Form,str,"{
  ""type"": ""section"",
  ""is_crf"": true,
  ""id"": ""HDPCDE7346"",
  ""parents"": [],
  ""crf_id"": ""HDPCDE7346"",
  ""name"": ""International Physical Activity Questionnaire - Short Form "",
  ""description"": """",
  ""action"": ""https://www.nih.gov/sites/default/files/CDEs/2026-01/ipaq-lf-cde.xlsx""
}","{
  ""type"": ""section"",
  ""is_crf"": true,
  ""id"": ""HDPCDE7346"",
  ""parents"": [],
  ""crf_id"": ""HDPCDE7346"",
  ""name"": ""International Physical Activity Questionnaire - Short Form"",
  ""description"": """",
  ""variable_list"": [
    ""IPAQSFVigPhysActDayNum"",
    ""IPAQSFNoVigActYN"",
    ""IPAQSFVigActHoursVal"",
    ""IPAQSFVigActMinVal "",
    ""IPAQSFVigActTimeUKYN"",
    ""IPAQSFModPhysActVal"",
    ""IPAQNoModPhysActSF "",
    ""IPAQSFmodPhysActHrsVal"",
    ""IPAQSFmodPhyActMinVal"",
    ""IPAQSFmodPhyActNotSureYN"""
HDPCDE7626.json,$[0].metadata.enum[0],value_mismatch,0 ,str,0,str,"[
  ""0 "",
  ""1"",
  ""2"",
  ""3"",
  ""4"",
  ""5"",
  ""6"",
  ""7"",
  ""8"",
  ""9"",
  ""10""
]","[
  ""0"",
  ""1"",
  ""2"",
  ""3"",
  ""4"",
  ""5"",
  ""6"",
  ""7"",
  ""8"",
  ""9"",
  ""10""
]"
HDPCDE7636.json,$[19].name,value_mismatch,Photosensitivity Assessment Questionnaire ,str,Photosensitivity Assessment Questionnaire,str,"{
  ""type"": ""section"",
  ""is_crf"": true,
  ""id"": ""HDPCDE7636"",
  ""parents"": [],
  ""crf_id"": ""HDPCDE7636"",
  ""name"": ""Photosensitivity Assessment Questionnaire "",
  ""description"": """",
  ""action"": ""https://www.nih.gov/sites/default/files/CDEs/2026-01/paq-cde.xlsx""
}","{
  ""type"": ""section"",
  ""is_crf"": true,
  ""id"": ""HDPCDE7636"",
  ""parents"": [],
  ""crf_id"": ""HDPCDE7636"",
  ""name"": ""Photosensitivity Assessment Questionnaire"",
  ""description"": """",
  ""variable_list"": [
    ""paq_date"",
    ""paq_1"",
    ""paq_2"",
    ""paq_3"",
    ""paq_4"",
    ""paq_5"",
    ""paq_6"",
    ""paq_7"",
    ""paq_8"",
    ""paq_9"",
    ""paq_10"",
    ""paq_11"",
    ""paq_12"",
    ""paq_13"",
    ""paq_14"",
    ""paq_15"",
    ""paq_16"",
    ""paq_phi_sum"",
    ""paq_pho_sum""
  ],
  ""metadata"": {},
  ""act"
HDPCDE7886.json,$[22].name,value_mismatch,PROMIS Item Bank v.2.0 - Pain Behavior Scale ,str,PROMIS Item Bank v.2.0 - Pain Behavior Scale,str,"{
  ""type"": ""section"",
  ""is_crf"": true,
  ""id"": ""HDPCDE7886"",
  ""parents"": [],
  ""crf_id"": ""HDPCDE7886"",
  ""name"": ""PROMIS Item Bank v.2.0 - Pain Behavior Scale "",
  ""description"": """",
  ""action"": ""https://www.nih.gov/sites/default/files/CDEs/2026-01/promis-pain-behavior-item-bank-v2.0-cde.xlsx""
}","{
  ""type"": ""section"",
  ""is_crf"": true,
  ""id"": ""HDPCDE7886"",
  ""parents"": [],
  ""crf_id"": ""HDPCDE7886"",
  ""name"": ""PROMIS Item Bank v.2.0 - Pain Behavior Scale"",
  ""description"": """",
  ""variable_list"": [
    ""PBSsquirmedScl"",
    ""PBSgrimaceScl"",
    ""PBSgroanedScl"",
    ""PBSkneeScl"",
    ""PBSpursedLipsScl"",
    ""PBSmedicationScl"",
    ""PBSavoidContactScl"",
    ""PBStalkPainScl"",
    ""PBSrubSiteScl"",
    ""PBSuseObjectsScl"",
    ""PBSbreathChangeScl"",
    ""PBSbreaksScl"",
    ""PBSregChoresScl"",
  "
HDPCDE8241.json,$[0].metadata.enum[1],value_mismatch, 2,str,2,str,"[
  ""1"",
  "" 2"",
  "" 3"",
  "" 4"",
  "" 5""
]","[
  ""1"",
  ""2"",
  ""3"",
  ""4"",
  ""5""
]"
HDPCDE8241.json,$[0].metadata.enum[2],value_mismatch, 3,str,3,str,"[
  ""1"",
  "" 2"",
  "" 3"",
  "" 4"",
  "" 5""
]","[
  ""1"",
  ""2"",
  ""3"",
  ""4"",
  ""5""
]"
HDPCDE8241.json,$[0].metadata.enum[3],value_mismatch, 4,str,4,str,"[
  ""1"",
  "" 2"",
  "" 3"",
  "" 4"",
  "" 5""
]","[
  ""1"",
  ""2"",
  ""3"",
  ""4"",
  ""5""
]"
HDPCDE8241.json,$[0].metadata.enum[4],value_mismatch, 5,str,5,str,"[
  ""1"",
  "" 2"",
  "" 3"",
  "" 4"",
  "" 5""
]","[
  ""1"",
  ""2"",
  ""3"",
  ""4"",
  ""5""
]"
HDPCDE8241.json,$[1].metadata.enum[1],value_mismatch, 2,str,2,str,"[
  ""1"",
  "" 2"",
  "" 3"",
  "" 4"",
  "" 5""
]","[
  ""1"",
  ""2"",
  ""3"",
  ""4"",
  ""5""
]"
HDPCDE8241.json,$[1].metadata.enum[2],value_mismatch, 3,str,3,str,"[
  ""1"",
  "" 2"",
  "" 3"",
  "" 4"",
  "" 5""
]","[
  ""1"",
  ""2"",
  ""3"",
  ""4"",
  ""5""
]"
HDPCDE8241.json,$[1].metadata.enum[3],value_mismatch, 4,str,4,str,"[
  ""1"",
  "" 2"",
  "" 3"",
  "" 4"",
  "" 5""
]","[
  ""1"",
  ""2"",
  ""3"",
  ""4"",
  ""5""
]"
HDPCDE8241.json,$[1].metadata.enum[4],value_mismatch, 5,str,5,str,"[
  ""1"",
  "" 2"",
  "" 3"",
  "" 4"",
  "" 5""
]","[
  ""1"",
  ""2"",
  ""3"",
  ""4"",
  ""5""
]"
HDPCDE8241.json,$[2].metadata.enum[1],value_mismatch, 2,str,2,str,"[
  ""1"",
  "" 2"",
  "" 3"",
  "" 4"",
  "" 5""
]","[
  ""1"",
  ""2"",
  ""3"",
  ""4"",
  ""5""
]"
HDPCDE8241.json,$[2].metadata.enum[2],value_mismatch, 3,str,3,str,"[
  ""1"",
  "" 2"",
  "" 3"",
  "" 4"",
  "" 5""
]","[
  ""1"",
  ""2"",
  ""3"",
  ""4"",
  ""5""
]"
HDPCDE8241.json,$[2].metadata.enum[3],value_mismatch, 4,str,4,str,"[
  ""1"",
  "" 2"",
  "" 3"",
  "" 4"",
  "" 5""
]","[
  ""1"",
  ""2"",
  ""3"",
  ""4"",
  ""5""
]"
HDPCDE8241.json,$[2].metadata.enum[4],value_mismatch, 5,str,5,str,"[
  ""1"",
  "" 2"",
  "" 3"",
  "" 4"",
  "" 5""
]","[
  ""1"",
  ""2"",
  ""3"",
  ""4"",
  ""5""
]"
HDPCDE8241.json,$[3].metadata.enum[1],value_mismatch, 2,str,2,str,"[
  ""1"",
  "" 2"",
  "" 3"",
  "" 4"",
  "" 5""
]","[
  ""1"",
  ""2"",
  ""3"",
  ""4"",
  ""5""
]"
HDPCDE8241.json,$[3].metadata.enum[2],value_mismatch, 3,str,3,str,"[
  ""1"",
  "" 2"",
  "" 3"",
  "" 4"",
  "" 5""
]","[
  ""1"",
  ""2"",
  ""3"",
  ""4"",
  ""5""
]"
HDPCDE8241.json,$[3].metadata.enum[3],value_mismatch, 4,str,4,str,"[
  ""1"",
  "" 2"",
  "" 3"",
  "" 4"",
  "" 5""
]","[
  ""1"",
  ""2"",
  ""3"",
  ""4"",
  ""5""
]"
HDPCDE8241.json,$[3].metadata.enum[4],value_mismatch, 5,str,5,str,"[
  ""1"",
  "" 2"",
  "" 3"",
  "" 4"",
  "" 5""
]","[
  ""1"",
  ""2"",
  ""3"",
  ""4"",
  ""5""
]"
HDPCDE8241.json,$[4].metadata.enum[1],value_mismatch, 2,str,2,str,"[
  ""1"",
  "" 2"",
  "" 3"",
  "" 4"",
  "" 5""
]","[
  ""1"",
  ""2"",
  ""3"",
  ""4"",
  ""5""
]"
HDPCDE8241.json,$[4].metadata.enum[2],value_mismatch, 3,str,3,str,"[
  ""1"",
  "" 2"",
  "" 3"",
  "" 4"",
  "" 5""
]","[
  ""1"",
  ""2"",
  ""3"",
  ""4"",
  ""5""
]"
HDPCDE8241.json,$[4].metadata.enum[3],value_mismatch, 4,str,4,str,"[
  ""1"",
  "" 2"",
  "" 3"",
  "" 4"",
  "" 5""
]","[
  ""1"",
  ""2"",
  ""3"",
  ""4"",
  ""5""
]"
HDPCDE8241.json,$[4].metadata.enum[4],value_mismatch, 5,str,5,str,"[
  ""1"",
  "" 2"",
  "" 3"",
  "" 4"",
  "" 5""
]","[
  ""1"",
  ""2"",
  ""3"",
  ""4"",
  ""5""
]"
HDPCDE8241.json,$[5].metadata.enum[1],value_mismatch, 2,str,2,str,"[
  ""1"",
  "" 2"",
  "" 3"",
  "" 4"",
  "" 5""
]","[
  ""1"",
  ""2"",
  ""3"",
  ""4"",
  ""5""
]"
HDPCDE8241.json,$[5].metadata.enum[2],value_mismatch, 3,str,3,str,"[
  ""1"",
  "" 2"",
  "" 3"",
  "" 4"",
  "" 5""
]","[
  ""1"",
  ""2"",
  ""3"",
  ""4"",
  ""5""
]"
HDPCDE8241.json,$[5].metadata.enum[3],value_mismatch, 4,str,4,str,"[
  ""1"",
  "" 2"",
  "" 3"",
  "" 4"",
  "" 5""
]","[
  ""1"",
  ""2"",
  ""3"",
  ""4"",
  ""5""
]"
HDPCDE8241.json,$[5].metadata.enum[4],value_mismatch, 5,str,5,str,"[
  ""1"",
  "" 2"",
  "" 3"",
  "" 4"",
  "" 5""
]","[
  ""1"",
  ""2"",
  ""3"",
  ""4"",
  ""5""
]"
HDPCDE8241.json,$[6].metadata.enum[1],value_mismatch, 2,str,2,str,"[
  ""1"",
  "" 2"",
  "" 3"",
  "" 4"",
  "" 5""
]","[
  ""1"",
  ""2"",
  ""3"",
  ""4"",
  ""5""
]"
HDPCDE8241.json,$[6].metadata.enum[2],value_mismatch, 3,str,3,str,"[
  ""1"",
  "" 2"",
  "" 3"",
  "" 4"",
  "" 5""
]","[
  ""1"",
  ""2"",
  ""3"",
  ""4"",
  ""5""
]"
HDPCDE8241.json,$[6].metadata.enum[3],value_mismatch, 4,str,4,str,"[
  ""1"",
  "" 2"",
  "" 3"",
  "" 4"",
  "" 5""
]","[
  ""1"",
  ""2"",
  ""3"",
  ""4"",
  ""5""
]"
HDPCDE8241.json,$[6].metadata.enum[4],value_mismatch, 5,str,5,str,"[
  ""1"",
  "" 2"",
  "" 3"",
  "" 4"",
  "" 5""
]","[
  ""1"",
  ""2"",
  ""3"",
  ""4"",
  ""5""
]"
HDPCDE8241.json,$[7].metadata.enum[1],value_mismatch, 2,str,2,str,"[
  ""1"",
  "" 2"",
  "" 3"",
  "" 4"",
  "" 5""
]","[
  ""1"",
  ""2"",
  ""3"",
  ""4"",
  ""5""
]"
HDPCDE8241.json,$[7].metadata.enum[2],value_mismatch, 3,str,3,str,"[
  ""1"",
  "" 2"",
  "" 3"",
  "" 4"",
  "" 5""
]","[
  ""1"",
  ""2"",
  ""3"",
  ""4"",
  ""5""
]"
HDPCDE8241.json,$[7].metadata.enum[3],value_mismatch, 4,str,4,str,"[
  ""1"",
  "" 2"",
  "" 3"",
  "" 4"",
  "" 5""
]","[
  ""1"",
  ""2"",
  ""3"",
  ""4"",
  ""5""
]"
HDPCDE8241.json,$[7].metadata.enum[4],value_mismatch, 5,str,5,str,"[
  ""1"",
  "" 2"",
  "" 3"",
  "" 4"",
  "" 5""
]","[
  ""1"",
  ""2"",
  ""3"",
  ""4"",
  ""5""
]"
HDPCDE8241.json,$[8].metadata.enum[1],value_mismatch, 2,str,2,str,"[
  ""1"",
  "" 2"",
  "" 3"",
  "" 4"",
  "" 5""
]","[
  ""1"",
  ""2"",
  ""3"",
  ""4"",
  ""5""
]"
HDPCDE8241.json,$[8].metadata.enum[2],value_mismatch, 3,str,3,str,"[
  ""1"",
  "" 2"",
  "" 3"",
  "" 4"",
  "" 5""
]","[
  ""1"",
  ""2"",
  ""3"",
  ""4"",
  ""5""
]"
HDPCDE8241.json,$[8].metadata.enum[3],value_mismatch, 4,str,4,str,"[
  ""1"",
  "" 2"",
  "" 3"",
  "" 4"",
  "" 5""
]","[
  ""1"",
  ""2"",
  ""3"",
  ""4"",
  ""5""
]"
HDPCDE8241.json,$[8].metadata.enum[4],value_mismatch, 5,str,5,str,"[
  ""1"",
  "" 2"",
  "" 3"",
  "" 4"",
  "" 5""
]","[
  ""1"",
  ""2"",
  ""3"",
  ""4"",
  ""5""
]"
HDPCDE8241.json,$[9].metadata.enum[1],value_mismatch, 2,str,2,str,"[
  ""1"",
  "" 2"",
  "" 3"",
  "" 4"",
  "" 5""
]","[
  ""1"",
  ""2"",
  ""3"",
  ""4"",
  ""5""
]"
HDPCDE8241.json,$[9].metadata.enum[2],value_mismatch, 3,str,3,str,"[
  ""1"",
  "" 2"",
  "" 3"",
  "" 4"",
  "" 5""
]","[
  ""1"",
  ""2"",
  ""3"",
  ""4"",
  ""5""
]"
HDPCDE8241.json,$[9].metadata.enum[3],value_mismatch, 4,str,4,str,"[
  ""1"",
  "" 2"",
  "" 3"",
  "" 4"",
  "" 5""
]","[
  ""1"",
  ""2"",
  ""3"",
  ""4"",
  ""5""
]"
HDPCDE8241.json,$[9].metadata.enum[4],value_mismatch, 5,str,5,str,"[
  ""1"",
  "" 2"",
  "" 3"",
  "" 4"",
  "" 5""
]","[
  ""1"",
  ""2"",
  ""3"",
  ""4"",
  ""5""
]"
HDPCDE8241.json,$[10].metadata.enum[1],value_mismatch, 2,str,2,str,"[
  ""1"",
  "" 2"",
  "" 3"",
  "" 4"",
  "" 5""
]","[
  ""1"",
  ""2"",
  ""3"",
  ""4"",
  ""5""
]"
HDPCDE8241.json,$[10].metadata.enum[2],value_mismatch, 3,str,3,str,"[
  ""1"",
  "" 2"",
  "" 3"",
  "" 4"",
  "" 5""
]","[
  ""1"",
  ""2"",
  ""3"",
  ""4"",
  ""5""
]"
HDPCDE8241.json,$[10].metadata.enum[3],value_mismatch, 4,str,4,str,"[
  ""1"",
  "" 2"",
  "" 3"",
  "" 4"",
  "" 5""
]","[
  ""1"",
  ""2"",
  ""3"",
  ""4"",
  ""5""
]"
HDPCDE8241.json,$[10].metadata.enum[4],value_mismatch, 5,str,5,str,"[
  ""1"",
  "" 2"",
  "" 3"",
  "" 4"",
  "" 5""
]","[
  ""1"",
  ""2"",
  ""3"",
  ""4"",
  ""5""
]"
HDPCDE8241.json,$[11].metadata.enum[1],value_mismatch, 2,str,2,str,"[
  ""1"",
  "" 2"",
  "" 3"",
  "" 4"",
  "" 5""
]","[
  ""1"",
  ""2"",
  ""3"",
  ""4"",
  ""5""
]"
HDPCDE8241.json,$[11].metadata.enum[2],value_mismatch, 3,str,3,str,"[
  ""1"",
  "" 2"",
  "" 3"",
  "" 4"",
  "" 5""
]","[
  ""1"",
  ""2"",
  ""3"",
  ""4"",
  ""5""
]"
HDPCDE8241.json,$[11].metadata.enum[3],value_mismatch, 4,str,4,str,"[
  ""1"",
  "" 2"",
  "" 3"",
  "" 4"",
  "" 5""
]","[
  ""1"",
  ""2"",
  ""3"",
  ""4"",
  ""5""
]"
HDPCDE8241.json,$[11].metadata.enum[4],value_mismatch, 5,str,5,str,"[
  ""1"",
  "" 2"",
  "" 3"",
  "" 4"",
  "" 5""
]","[
  ""1"",
  ""2"",
  ""3"",
  ""4"",
  ""5""
]"
HDPCDE8241.json,$[12].metadata.enum[1],value_mismatch, 2,str,2,str,"[
  ""1"",
  "" 2"",
  "" 3"",
  "" 4"",
  "" 5""
]","[
  ""1"",
  ""2"",
  ""3"",
  ""4"",
  ""5""
]"
HDPCDE8241.json,$[12].metadata.enum[2],value_mismatch, 3,str,3,str,"[
  ""1"",
  "" 2"",
  "" 3"",
  "" 4"",
  "" 5""
]","[
  ""1"",
  ""2"",
  ""3"",
  ""4"",
  ""5""
]"
HDPCDE8241.json,$[12].metadata.enum[3],value_mismatch, 4,str,4,str,"[
  ""1"",
  "" 2"",
  "" 3"",
  "" 4"",
  "" 5""
]","[
  ""1"",
  ""2"",
  ""3"",
  ""4"",
  ""5""
]"
HDPCDE8241.json,$[12].metadata.enum[4],value_mismatch, 5,str,5,str,"[
  ""1"",
  "" 2"",
  "" 3"",
  "" 4"",
  "" 5""
]","[
  ""1"",
  ""2"",
  ""3"",
  ""4"",
  ""5""
]"
HDPCDE8311.json,$[12].metadata.enum[1],value_mismatch, 6,str,6,str,"[
  ""0"",
  "" 6"",
  ""9"",
  ""11"",
  ""13"",
  ""15""
]","[
  ""0"",
  ""6"",
  ""9"",
  ""11"",
  ""13"",
  ""15""
]"
HDPCDE9726.json,$[1].metadata.enum[1],value_mismatch, 1,str,1,str,"[
  ""91"",
  "" 1"",
  "" 2"",
  ""3"",
  ""4"",
  ""5"",
  ""6"",
  ""7""
]","[
  ""91"",
  ""1"",
  ""2"",
  ""3"",
  ""4"",
  ""5"",
  ""6"",
  ""7""
]"
HDPCDE9726.json,$[1].metadata.enum[2],value_mismatch, 2,str,2,str,"[
  ""91"",
  "" 1"",
  "" 2"",
  ""3"",
  ""4"",
  ""5"",
  ""6"",
  ""7""
]","[
  ""91"",
  ""1"",
  ""2"",
  ""3"",
  ""4"",
  ""5"",
  ""6"",
  ""7""
]"
HDPCDE9726.json,$[2].metadata.enum[1],value_mismatch, 1,str,1,str,"[
  ""91"",
  "" 1"",
  "" 2"",
  ""3"",
  ""4"",
  ""5"",
  ""6"",
  ""7""
]","[
  ""91"",
  ""1"",
  ""2"",
  ""3"",
  ""4"",
  ""5"",
  ""6"",
  ""7""
]"
HDPCDE9726.json,$[2].metadata.enum[2],value_mismatch, 2,str,2,str,"[
  ""91"",
  "" 1"",
  "" 2"",
  ""3"",
  ""4"",
  ""5"",
  ""6"",
  ""7""
]","[
  ""91"",
  ""1"",
  ""2"",
  ""3"",
  ""4"",
  ""5"",
  ""6"",
  ""7""
]"
HDPCDE9726.json,$[5].metadata.enum[1],value_mismatch, 1,str,1,str,"[
  ""91"",
  "" 1"",
  "" 2"",
  "" 3"",
  "" 96""
]","[
  ""91"",
  ""1"",
  ""2"",
  ""3"",
  ""96""
]"
HDPCDE9726.json,$[5].metadata.enum[2],value_mismatch, 2,str,2,str,"[
  ""91"",
  "" 1"",
  "" 2"",
  "" 3"",
  "" 96""
]","[
  ""91"",
  ""1"",
  ""2"",
  ""3"",
  ""96""
]"
HDPCDE9726.json,$[5].metadata.enum[3],value_mismatch, 3,str,3,str,"[
  ""91"",
  "" 1"",
  "" 2"",
  "" 3"",
  "" 96""
]","[
  ""91"",
  ""1"",
  ""2"",
  ""3"",
  ""96""
]"
HDPCDE9726.json,$[5].metadata.enum[4],value_mismatch, 96,str,96,str,"[
  ""91"",
  "" 1"",
  "" 2"",
  "" 3"",
  "" 96""
]","[
  ""91"",
  ""1"",
  ""2"",
  ""3"",
  ""96""
]"
HDPCDE9726.json,$[6].metadata.enum[1],value_mismatch, 1,str,1,str,"[
  ""91"",
  "" 1"",
  "" 2"",
  "" 3""
]","[
  ""91"",
  ""1"",
  ""2"",
  ""3""
]"
HDPCDE9726.json,$[6].metadata.enum[2],value_mismatch, 2,str,2,str,"[
  ""91"",
  "" 1"",
  "" 2"",
  "" 3""
]","[
  ""91"",
  ""1"",
  ""2"",
  ""3""
]"
HDPCDE9726.json,$[6].metadata.enum[3],value_mismatch, 3,str,3,str,"[
  ""91"",
  "" 1"",
  "" 2"",
  "" 3""
]","[
  ""91"",
  ""1"",
  ""2"",
  ""3""
]"
HDPCDE9726.json,$[7].metadata.enum[1],value_mismatch, 1,str,1,str,"[
  ""91"",
  "" 1"",
  "" 2"",
  ""3"",
  ""4"",
  ""5"",
  ""6"",
  ""7""
]","[
  ""91"",
  ""1"",
  ""2"",
  ""3"",
  ""4"",
  ""5"",
  ""6"",
  ""7""
]"
HDPCDE9726.json,$[7].metadata.enum[2],value_mismatch, 2,str,2,str,"[
  ""91"",
  "" 1"",
  "" 2"",
  ""3"",
  ""4"",
  ""5"",
  ""6"",
  ""7""
]","[
  ""91"",
  ""1"",
  ""2"",
  ""3"",
  ""4"",
  ""5"",
  ""6"",
  ""7""
]"
HDPCDE9726.json,$[8].metadata.enum[1],value_mismatch, 1,str,1,str,"[
  ""91"",
  "" 1"",
  "" 2"",
  ""3"",
  ""4"",
  ""5"",
  ""6"",
  ""7""
]","[
  ""91"",
  ""1"",
  ""2"",
  ""3"",
  ""4"",
  ""5"",
  ""6"",
  ""7""
]"
HDPCDE9726.json,$[8].metadata.enum[2],value_mismatch, 2,str,2,str,"[
  ""91"",
  "" 1"",
  "" 2"",
  ""3"",
  ""4"",
  ""5"",
  ""6"",
  ""7""
]","[
  ""91"",
  ""1"",
  ""2"",
  ""3"",
  ""4"",
  ""5"",
  ""6"",
  ""7""
]"
HDPCDE9726.json,$[9].metadata.enum[1],value_mismatch, 1,str,1,str,"[
  ""91"",
  "" 1"",
  "" 2"",
  ""3"",
  ""4"",
  ""5"",
  ""6"",
  ""7""
]","[
  ""91"",
  ""1"",
  ""2"",
  ""3"",
  ""4"",
  ""5"",
  ""6"",
  ""7""
]"
HDPCDE9726.json,$[9].metadata.enum[2],value_mismatch, 2,str,2,str,"[
  ""91"",
  "" 1"",
  "" 2"",
  ""3"",
  ""4"",
  ""5"",
  ""6"",
  ""7""
]","[
  ""91"",
  ""1"",
  ""2"",
  ""3"",
  ""4"",
  ""5"",
  ""6"",
  ""7""
]"
HDPCDE9726.json,$[10].metadata.enum[1],value_mismatch, 1,str,1,str,"[
  ""91"",
  "" 1"",
  "" 2"",
  ""3"",
  ""4"",
  ""5"",
  ""6"",
  ""7""
]","[
  ""91"",
  ""1"",
  ""2"",
  ""3"",
  ""4"",
  ""5"",
  ""6"",
  ""7""
]"
HDPCDE9726.json,$[10].metadata.enum[2],value_mismatch, 2,str,2,str,"[
  ""91"",
  "" 1"",
  "" 2"",
  ""3"",
  ""4"",
  ""5"",
  ""6"",
  ""7""
]","[
  ""91"",
  ""1"",
  ""2"",
  ""3"",
  ""4"",
  ""5"",
  ""6"",
  ""7""
]"
HDPCDE9726.json,$[12].metadata.enum[1],value_mismatch, 1,str,1,str,"[
  ""91"",
  "" 1"",
  "" 2"",
  ""3"",
  ""4"",
  ""5"",
  ""6"",
  ""7""
]","[
  ""91"",
  ""1"",
  ""2"",
  ""3"",
  ""4"",
  ""5"",
  ""6"",
  ""7""
]"
HDPCDE9726.json,$[12].metadata.enum[2],value_mismatch, 2,str,2,str,"[
  ""91"",
  "" 1"",
  "" 2"",
  ""3"",
  ""4"",
  ""5"",
  ""6"",
  ""7""
]","[
  ""91"",
  ""1"",
  ""2"",
  ""3"",
  ""4"",
  ""5"",
  ""6"",
  ""7""
]"
HDPCDE9726.json,$[14].metadata.enum[1],value_mismatch, 1,str,1,str,"[
  ""91"",
  "" 1"",
  "" 2"",
  ""3"",
  ""4"",
  ""5"",
  ""6"",
  ""7""
]","[
  ""91"",
  ""1"",
  ""2"",
  ""3"",
  ""4"",
  ""5"",
  ""6"",
  ""7""
]"
HDPCDE9726.json,$[14].metadata.enum[2],value_mismatch, 2,str,2,str,"[
  ""91"",
  "" 1"",
  "" 2"",
  ""3"",
  ""4"",
  ""5"",
  ""6"",
  ""7""
]","[
  ""91"",
  ""1"",
  ""2"",
  ""3"",
  ""4"",
  ""5"",
  ""6"",
  ""7""
]"
