Status,Filename,Directory
Only in dug-data-model-2026jan20,HDPCDE5661.json,data/dug-data-model-2026jan20
Only in dug-data-model-2026jan20,HDPCDE5981.json,data/dug-data-model-2026jan20
Only in dug-data-model-2026jan20,HDPCDE6056.json,data/dug-data-model-2026jan20
Only in dug-data-model-2026jan20,HDPCDE6541.json,data/dug-data-model-2026jan20
Only in dug-data-model-2026jan20,HDPCDE7076.json,data/dug-data-model-2026jan20
Only in dug-data-model-2026jan20,HDPCDE7951.json,data/dug-data-model-2026jan20
Only in dug-data-model-2026jan20,HDPCDE8186.json,data/dug-data-model-2026jan20
Only in dug-data-model-2026jan20,HDPCDE9266.json,data/dug-data-model-2026jan20
Only in heal-cdes,HDPCDE00001.json,data/heal-cdes
Only in heal-cdes,HDPCDE00002.json,data/heal-cdes
Only in heal-cdes,HDPCDE5091.json,data/heal-cdes
Only in heal-cdes,HDPCDE5756.json,data/heal-cdes
Only in heal-cdes,HDPCDE5986.json,data/heal-cdes
Only in heal-cdes,HDPCDE7101.json,data/heal-cdes
Only in heal-cdes,HDPCDE7606.json,data/heal-cdes
Only in heal-cdes,HDPCDE7671.json,data/heal-cdes
Only in heal-cdes,HDPCDE7681.json,data/heal-cdes
Only in heal-cdes,HDPCDE7686.json,data/heal-cdes
Only in heal-cdes,HDPCDE7691.json,data/heal-cdes
Only in heal-cdes,HDPCDE7701.json,data/heal-cdes
Only in heal-cdes,HDPCDE8671.json,data/heal-cdes
